-
-- Dumping data for table `players`
--

INSERT INTO `players` (`id`, `username`, `email`, `created_at`, `first_login`, `icon`, `score`, `total_played`, `total_won`) VALUES
(1, 'Ernestus', 'ealdritt0@timesonline.co.uk', '2024-04-19 21:03:33', 1, NULL, 0, 0, 0),
(2, 'Katrine', 'kgut1@china.com.cn', '2025-01-01 04:20:31', 1, NULL, 0, 0, 0),
(3, 'Idaline', 'ibindon2@gravatar.com', '2025-03-09 11:04:50', 1, NULL, 76, 73, 50),
(4, 'Reagan', 'rmangeot3@posterous.com', '2025-03-09 11:04:50', 1, NULL, 7, 21, 64),
(5, 'Celestyna', 'cmaccrie4@dot.gov', '2025-03-09 11:04:50', 1, NULL, 74, 30, 71),
(6, 'Vina', 'vwethey5@microsoft.com', '2025-03-09 11:04:50', 1, NULL, 81, 71, 80),
(7, 'Aurthur', 'aocannovane6@xrea.com', '2025-03-09 11:04:50', 1, NULL, 15, 2, 75),
(8, 'Alistair', 'agavrielli7@free.fr', '2025-03-09 11:04:50', 1, NULL, 30, 13, 48),
(9, 'Terence', 'tablewhite8@51.la', '2025-03-09 11:04:50', 1, NULL, 52, 38, 96),
(10, 'Ali', 'awhodcoat9@tiny.cc', '2025-03-09 11:04:50', 1, NULL, 37, 66, 76),
(11, 'Pauletta', 'phaltona@prweb.com', '2025-03-09 11:04:50', 1, NULL, 60, 40, 1),
(12, 'Grazia', 'grylanceb@ft.com', '2025-03-09 11:04:50', 1, NULL, 79, 76, 47),
(13, 'Kendra', 'kwedderburnc@furl.net', '2025-03-09 11:04:50', 1, NULL, 37, 67, 46),
(14, 'Gregor', 'greveyd@1688.com', '2025-03-09 11:04:50', 1, NULL, 48, 88, 17),
(15, 'Rafi', 'rnewberrye@delicious.com', '2025-03-09 11:04:50', 1, NULL, 42, 53, 92),
(16, 'Bennie', 'bbelzf@miibeian.gov.cn', '2025-03-09 11:04:50', 1, NULL, 78, 61, 98),
(17, 'Arni', 'achengg@constantcontact.com', '2025-03-09 11:04:50', 1, NULL, 81, 27, 88),
(18, 'Amabel', 'acrushh@tuttocitta.it', '2025-03-09 11:04:50', 1, NULL, 78, 66, 41),
(19, 'Deina', 'dpimbletti@ibm.com', '2025-03-09 11:04:50', 1, NULL, 55, 70, 81),
(20, 'Floyd', 'falywinj@theglobeandmail.com', '2025-03-09 11:04:50', 1, NULL, 80, 21, 2),
(21, 'Mellie', 'mdeshortsk@google.de', '2025-03-09 11:04:50', 1, NULL, 6, 95, 30),
(22, 'Silvanus', 'srubinsaftl@freewebs.com', '2025-03-09 11:04:50', 1, NULL, 57, 40, 92),
(23, 'Dwight', 'dusmarm@vinaora.com', '2025-03-09 11:04:50', 1, NULL, 94, 65, 41),
(24, 'Ernaline', 'espencern@yahoo.com', '2025-03-09 11:04:50', 1, NULL, 71, 35, 31),
(25, 'Jacintha', 'jjaggerso@zdnet.com', '2025-03-09 11:04:50', 1, NULL, 20, 96, 83),
(26, 'Millicent', 'mstenningsp@patch.com', '2025-03-09 11:04:50', 1, NULL, 74, 34, 47),
(27, 'Flynn', 'fadamiakq@economist.com', '2025-03-09 11:04:50', 1, NULL, 91, 75, 40),
(28, 'Candis', 'crichardetr@ning.com', '2025-03-09 11:04:50', 1, NULL, 6, 57, 69),
(29, 'Donny', 'dhartingtons@jimdo.com', '2025-03-09 11:04:50', 1, NULL, 20, 52, 47),
(30, 'Judah', 'jbetont@shutterfly.com', '2025-03-09 11:04:50', 1, NULL, 11, 70, 83),
(31, 'Rhoda', 'rkenyonu@archive.org', '2025-03-09 11:04:50', 1, NULL, 92, 22, 46),
(32, 'Amalita', 'aabbysv@t.co', '2025-03-09 11:04:50', 1, NULL, 45, 25, 23),
(33, 'Prent', 'pbattersw@bizjournals.com', '2025-03-09 11:04:50', 1, NULL, 27, 9, 60),
(34, 'Malena', 'mrabbittsx@yahoo.com', '2025-03-09 11:04:50', 1, NULL, 90, 68, 12),
(35, 'Alic', 'aadkiny@youtu.be', '2025-03-09 11:04:50', 1, NULL, 93, 58, 81),
(36, 'Dalt', 'dlandrieuz@va.gov', '2025-03-09 11:04:50', 1, NULL, 16, 28, 38),
(37, 'Tracy', 'tmityushin10@qq.com', '2025-03-09 11:04:50', 1, NULL, 54, 76, 73),
(38, 'Ibrahim', 'igorringe11@bloglovin.com', '2025-03-09 11:04:50', 1, NULL, 10, 15, 20),
(39, 'Sisely', 'skment12@amazon.co.uk', '2025-03-09 11:04:50', 1, NULL, 41, 67, 32),
(40, 'Clemens', 'ceustace13@thetimes.co.uk', '2025-03-09 11:04:50', 1, NULL, 13, 8, 68),
(41, 'Lammond', 'lsponder14@mysql.com', '2025-03-09 11:04:50', 1, NULL, 4, 1, 34),
(42, 'Nikos', 'nishchenko15@shutterfly.com', '2025-03-09 11:04:50', 1, NULL, 95, 20, 55),
(43, 'Junette', 'jkretschmer16@php.net', '2025-03-09 11:04:50', 1, NULL, 16, 10, 90),
(44, 'Cathie', 'cguarin17@nationalgeographic.com', '2025-03-09 11:04:50', 1, NULL, 78, 57, 68),
(45, 'Tarrance', 'tkendal18@cdbaby.com', '2025-03-09 11:04:50', 1, NULL, 56, 83, 100),
(46, 'Kandace', 'kbool19@virginia.edu', '2025-03-09 11:04:50', 1, NULL, 45, 91, 24),
(47, 'Mendel', 'mvassall1a@bloglovin.com', '2025-03-09 11:04:50', 1, NULL, 87, 12, 100),
(48, 'Clementina', 'conn1b@prweb.com', '2025-03-09 11:04:50', 1, NULL, 49, 98, 55),
(49, 'Farrah', 'fsparkwell1c@ihg.com', '2025-03-09 11:04:50', 1, NULL, 58, 87, 100),
(50, 'Chaddie', 'ctanslie1d@sogou.com', '2025-03-09 11:04:50', 1, NULL, 42, 68, 86);



INSERT INTO lobbies (id_creator, name, state) VALUES
    (FLOOR(1 + RAND() * 50), 'Lobby Alpha', 'PUBLIC');
INSERT INTO lobbies (id_creator, name, state) VALUES
    (FLOOR(1 + RAND() * 50), 'Lobby Beta', 'PRIVATE')
INSERT INTO lobbies (id_creator, name, state) VALUES
    (FLOOR(1 + RAND() * 50), 'Lobby Gamma', 'PUBLIC');
INSERT INTO lobbies (id_creator, name, state) VALUES
    (FLOOR(1 + RAND() * 50), 'Lobby Delta', 'PRIVATE');
INSERT INTO lobbies (id_creator, name, state) VALUES
    (FLOOR(1 + RAND() * 50), 'Lobby Omega', 'PUBLIC');
INSERT INTO lobbies (id_creator, name, state) VALUES
    (FLOOR(1 + RAND() * 50), 'Lobby Zeta', 'PRIVATE');
INSERT INTO lobbies (id_creator, name, state) VALUES
    (FLOOR(1 + RAND() * 50), 'Lobby Sigma', 'PUBLIC');
INSERT INTO lobbies (id_creator, name, state) VALUES
    (FLOOR(1 + RAND() * 50), 'Lobby Epsilon', 'PRIVATE');
INSERT INTO lobbies (id_creator, name, state) VALUES
    (FLOOR(1 + RAND() * 50), 'Lobby Kappa', 'PUBLIC');
INSERT INTO lobbies (id_creator, name, state) VALUES
    (FLOOR(1 + RAND() * 50), 'Lobby Lambda', 'PRIVATE');


insert into password_reset (id, id_player, reset_token, expires_at, used) values (1, 1, '', '2025-04-26 19:31:08', 1);
insert into password_reset (id, id_player, reset_token, expires_at, used) values (2, 2, '', '2025-01-29 11:34:24', 0);
insert into password_reset (id, id_player, reset_token, expires_at, used) values (3, 3, '', '2025-03-19 13:42:41', 1);
insert into password_reset (id, id_player, reset_token, expires_at, used) values (4, 4, '', '2025-01-12 06:32:00', 0);
insert into password_reset (id, id_player, reset_token, expires_at, used) values (5, 5, '', '2025-01-05 14:53:46', 0);
insert into password_reset (id, id_player, reset_token, expires_at, used) values (6, 6, '', '2025-03-21 15:23:05', 1);
insert into password_reset (id, id_player, reset_token, expires_at, used) values (7, 7, '', '2025-03-30 19:53:53', 0);
insert into password_reset (id, id_player, reset_token, expires_at, used) values (8, 8, '', '2025-03-05 11:20:42', 1);
insert into password_reset (id, id_player, reset_token, expires_at, used) values (9, 9, '', '2025-02-13 19:55:04', 0);
insert into password_reset (id, id_player, reset_token, expires_at, used) values (10, 10, '', '2025-03-09 21:44:22', 1);
insert into password_reset (id, id_player, reset_token, expires_at, used) values (11, 11, '', '2025-02-03 18:59:42', 0);
insert into password_reset (id, id_player, reset_token, expires_at, used) values (12, 12, '', '2025-04-11 06:04:24', 1);
insert into password_reset (id, id_player, reset_token, expires_at, used) values (13, 13, '', '2025-04-03 11:17:05', 1);
insert into password_reset (id, id_player, reset_token, expires_at, used) values (14, 14, '', '2025-01-18 19:39:43', 1);
insert into password_reset (id, id_player, reset_token, expires_at, used) values (15, 15, '', '2025-04-29 08:11:29', 0);
